country;year;gdp;population;directContributionToGdpDollars;departuresWW;employmentNumberJobs;expendituresDollars;receiptsDollars;arrivalsWW;netOccupancyRate;percentageContributionGdp
Austria        ;2000; 196998000000.0;8011566; 15939500000.0;7528000; 215429;7001000000;11382000000;17982000;-1; 8.091
Austria        ;2001; 197123000000.0;8042293; 16196100000.0;8350000; 217096;7408000000;11511000000;18180000;-1; 8.216
Austria        ;2002; 213725000000.0;8081957; 16528700000.0;8266000; 219955;7743000000;12334000000;18611000;-1; 7.734
Austria        ;2003; 261220000000.0;8121423; 16792000000.0;8384000; 223924;9761000000;15128000000;19078000;-1; 6.428
Austria        ;2004; 300264000000.0;8171966; 17418700000.0;8371000; 229465;10812000000;17251000000;19374000;-1; 5.801
Austria        ;2005; 315187000000.0;8227829; 17798400000.0;8206000; 240320;11077000000;18471000000;19952000;-1; 5.647
Austria        ;2006; 334603000000.0;8268641; 17963900000.0;10042000; 234057;9628000000;16512000000;20269000;-1; 5.369
Austria        ;2007; 386995000000.0;8295487; 18110900000.0;9876000; 226247;10560000000;18559000000;20773000;-1; 4.68
Austria        ;2008; 429638000000.0;8321496; 18724400000.0;9677000; 235099;11431000000;21632000000;21935000;-1; 4.358
Austria        ;2009; 398602000000.0;8343323; 17493400000.0;10121000; 234852;10815000000;19156000000;21355000;-1; 4.389
Austria        ;2010; 390939000000.0;8363404; 18935800000.0;9882000; 246580;10122000000;18757000000;22004000;-1; 4.844
Austria        ;2011; 429431000000.0;8391643; 19309900000.0;9874000; 244143;10550000000;19778000000;23012000;-1; 4.497
Austria        ;2012; 407599000000.0;8429991; 19404000000.0;10960000; 248442;9992000000;18937000000;24151000;28.3; 4.761
Austria        ;2013; 428833000000.0;8479375; 19487100000.0;10671000; 245745;10254000000;20220000000;24813000;28.3; 4.544
Austria        ;2014; 437582000000.0;8541575; 19688200000.0;10994000; 249517;10849000000;20907000000;25291000;28.3; 4.499
Austria        ;2015; 374261000000.0;8611088; 20458000000.0;-1; 261100;-1;-1;-1;28.9; 5.466
Austria        ;2016; 387299000000.0;-1; 21279900000.0;-1; 270357;-1;-1;-1;-1; 5.494
Belgium        ;2000; 238603000000.0;10251250; 13291900000.0;7932000; 165520;9429000000;6592000000;6457000;-1; 5.571
Belgium        ;2001; 238046000000.0;10286570; 11592200000.0;6570000; 146001;10878000000;8304000000;6452000;-1; 4.87
Belgium        ;2002; 259777000000.0;10332785; 9593220000.0;6773000; 118979;11270000000;7598000000;6720000;-1; 3.693
Belgium        ;2003; 319613000000.0;10376133; 9403550000.0;7268000; 114162;13402000000;8848000000;6690000;-1; 2.942
Belgium        ;2004; 371388000000.0;10421137; 10158600000.0;8783000; 119632;15456000000;10089000000;6710000;-1; 2.735
Belgium        ;2005; 388029000000.0;10478617; 9567290000.0;9327000; 112919;16771000000;10881000000;6747000;-1; 2.466
Belgium        ;2006; 410173000000.0;10547958; 9548330000.0;7852000; 109914;17891000000;11625000000;6995000;-1; 2.328
Belgium        ;2007; 472475000000.0;10625700; 9873740000.0;8371000; 111883;19215000000;12371000000;7045000;-1; 2.09
Belgium        ;2008; 521084000000.0;10709973; 9689290000.0;8887000; 111996;19514000000;12018000000;7165000;-1; 1.859
Belgium        ;2009; 485781000000.0;10796493; 9403500000.0;8775000; 112547;19045000000;11423000000;6815000;-1; 1.936
Belgium        ;2010; 484450000000.0;10895586; 9346620000.0;8801000; 108874;18866000000;11395000000;7186000;-1; 1.929
Belgium        ;2011; 527491000000.0;11047744; 9934950000.0;9727000; 113445;20658000000;12742000000;7494000;-1; 1.883
Belgium        ;2012; 498092000000.0;11128246; 10036200000.0;9576000; 114053;22367000000;13711000000;7560000;39.8; 2.015
Belgium        ;2013; 521534000000.0;11182817; 10304600000.0;10818000; 111580;24201000000;14429000000;7684000;40.4; 1.976
Belgium        ;2014; 532079000000.0;11231213; 10668100000.0;-1; 115654;26404000000;15302000000;7887000;-1; 2.005
Belgium        ;2015; 454288000000.0;11285721; 11157100000.0;-1; 119435;-1;-1;-1;-1; 2.456
Belgium        ;2016; 470179000000.0;-1; 11271800000.0;-1; 120184;-1;-1;-1;-1; 2.397
Bulgaria       ;2000; 13148000000.0;8170172; 1881210000.0;2337000; 104751;764000000;1364000000;2785000;-1; 14.308
Bulgaria       ;2001; 14135000000.0;8020282; 2111350000.0;2730000; 126157;836000000;1262000000;3186000;-1; 14.937
Bulgaria       ;2002; 16361000000.0;7868468; 2189600000.0;3188000; 123695;1018000000;1392000000;3433000;-1; 13.383
Bulgaria       ;2003; 21076000000.0;7823557; 2453100000.0;3403000; 178693;1467000000;2051000000;4048000;-1; 11.639
Bulgaria       ;2004; 26094000000.0;7781161; 2718810000.0;3882000; 193589;1935000000;2796000000;4630000;-1; 10.419
Bulgaria       ;2005; 29821000000.0;7739900; 2671720000.0;4235000; 182562;1858000000;3063000000;4837000;-1; 8.959
Bulgaria       ;2006; 34305000000.0;7699020; 2650480000.0;4180000; 179566;2099000000;3317000000;5158000;-1; 7.726
Bulgaria       ;2007; 44765000000.0;7545338; 1824250000.0;4515000; 121128;2142000000;4181000000;5151000;-1; 4.075
Bulgaria       ;2008; 54661000000.0;7492561; 1796630000.0;5727000; 117370;2602000000;4852000000;5780000;-1; 3.287
Bulgaria       ;2009; 51784000000.0;7444443; 1687940000.0;4993000; 111801;1955000000;4273000000;5739000;-1; 3.26
Bulgaria       ;2010; 49940000000.0;7395599; 1817000000.0;3676000; 115703;891000000;3773000000;6047000;-1; 3.638
Bulgaria       ;2011; 56952000000.0;7348328; 1693410000.0;3803000; 100141;904000000;3836000000;6328000;-1; 2.973
Bulgaria       ;2012; 53575000000.0;7305888; 1649270000.0;3758000; 96640;923000000;3523000000;6541000;38.8; 3.078
Bulgaria       ;2013; 55628000000.0;7265115; 1700460000.0;3930000; 99426;1113000000;3874000000;6898000;39.5; 3.057
Bulgaria       ;2014; 56717000000.0;7223938; 1712670000.0;4158000; 98492;1459000000;4557000000;7311000;37.8; 3.02
Bulgaria       ;2015; 48953000000.0;7177991; 1617040000.0;-1; 92413;-1;-1;-1;-1; 3.303
Bulgaria       ;2016; 50446000000.0;-1; 1680010000.0;-1; 94824;-1;-1;-1;-1; 3.33
Croatia        ;2000; 21773000000.0;4426000; 2578870000.0;-1; 108959;634000000;2871000000;5831000;-1; 11.844
Croatia        ;2001; 23273000000.0;4440000; 3067920000.0;-1; 122340;677000000;3463000000;6544000;-1; 13.182
Croatia        ;2002; 26905000000.0;4440000; 3096230000.0;-1; 114452;852000000;3952000000;6944000;-1; 11.508
Croatia        ;2003; 34723000000.0;4440000; 4617170000.0;-1; 157696;709000000;6513000000;7409000;-1; 13.297
Croatia        ;2004; 41619000000.0;4439000; 4423080000.0;-1; 145243;881000000;6945000000;7912000;-1; 10.628
Croatia        ;2005; 45446000000.0;4442000; 4752910000.0;-1; 147904;786000000;7625000000;7743000;-1; 10.458
Croatia        ;2006; 50497000000.0;4440000; 4934580000.0;-1; 146932;770000000;8296000000;7988000;-1; 9.772
Croatia        ;2007; 60174000000.0;4436000; 5167320000.0;-1; 150049;1025000000;9617000000;8559000;-1; 8.587
Croatia        ;2008; 70546000000.0;4434508; 5510160000.0;2357000; 160582;1167000000;11615000000;8665000;-1; 7.811
Croatia        ;2009; 62681000000.0;4429078; 4661860000.0;2497000; 142335;1042000000;9300000000;8694000;-1; 7.437
Croatia        ;2010; 59636000000.0;4417781; 4211540000.0;1873000; 122025;861000000;8299000000;9111000;-1; 7.062
Croatia        ;2011; 62193000000.0;4280622; 4563340000.0;2280000; 130535;918000000;9598000000;9927000;-1; 7.337
Croatia        ;2012; 56480000000.0;4267558; 4293690000.0;2680000; 121610;962000000;8912000000;10369000;53.1; 7.602
Croatia        ;2013; 57749000000.0;4255689; 4586330000.0;2927000; 127759;923000000;9715000000;10948000;53.2; 7.942
Croatia        ;2014; 57171000000.0;4238389; 4770870000.0;2763000; 129705;865000000;10079000000;11623000;52.7; 8.345
Croatia        ;2015; 48850000000.0;4224404; 4932680000.0;-1; 130523;-1;-1;-1;-1; 10.098
Croatia        ;2016; 49855000000.0;-1; 5060540000.0;-1; 131817;-1;-1;-1;-1; 10.151
Cyprus         ;2000; 9938000000.0;943287; 1678710000.0;588000; 34061;543000000;2137000000;2686000;-1; 16.892
Cyprus         ;2001; 10333000000.0;961482; 1739610000.0;684000; 36341;568000000;2203000000;2697000;-1; 16.835
Cyprus         ;2002; 11354000000.0;979883; 1616510000.0;744000; 33437;582000000;2178000000;2418000;-1; 14.237
Cyprus         ;2003; 14458000000.0;998150; 1377360000.0;737000; 29045;700000000;2325000000;2303000;-1; 9.527
Cyprus         ;2004; 17216000000.0;1015827; 1345300000.0;859000; 28061;907000000;2552000000;2349000;-1; 7.814
Cyprus         ;2005; 18597000000.0;1032586; 1368400000.0;914000; 28267;1001000000;2644000000;2470000;-1; 7.358
Cyprus         ;2006; 20267000000.0;1048293; 1346460000.0;932000; 27489;1031000000;2691000000;2401000;-1; 6.644
Cyprus         ;2007; 23894000000.0;1063040; 1350620000.0;1081000; 28263;1554000000;3108000000;2416000;-1; 5.653
Cyprus         ;2008; 27701000000.0;1077010; 1254860000.0;1210000; 25714;1895000000;3231000000;2404000;-1; 4.53
Cyprus         ;2009; 25742000000.0;1090486; 1028780000.0;1172000; 21395;1638000000;2474000000;2141000;-1; 3.997
Cyprus         ;2010; 25368000000.0;1103685; 1048260000.0;1246000; 21966;1457000000;2371000000;2173000;-1; 4.132
Cyprus         ;2011; 27198000000.0;1116644; 1098610000.0;1209000; 22961;1721000000;2751000000;2392000;-1; 4.039
Cyprus         ;2012; 25029000000.0;1129303; 1141300000.0;1194000; 24447;1681000000;2696000000;2465000;64.5; 4.56
Cyprus         ;2013; 23993000000.0;1141652; 1245020000.0;1115000; 26474;1619000000;3015000000;2405000;63; 5.189
Cyprus         ;2014; 23113000000.0;1153658; 1190310000.0;1209000; 24911;-1;-1;2441000;61.6; 5.15
Cyprus         ;2015; 19330000000.0;1165300; 1230890000.0;-1; 24121;-1;-1;-1;-1; 6.368
Cyprus         ;2016; 19931000000.0;-1; 1283410000.0;-1; 24096;-1;-1;-1;-1; 6.439
Czech Republic ;2000; 61474000000.0;10255063; 4537660000.0;-1; 265920;1276000000;2973000000;-1;-1; 7.381
Czech Republic ;2001; 67376000000.0;10216605; 4461440000.0;-1; 254843;1386000000;3104000000;-1;-1; 6.622
Czech Republic ;2002; 81684000000.0;10196916; 4363340000.0;-1; 246366;1797000000;3376000000;-1;-1; 5.342
Czech Republic ;2003; 99322000000.0;10193998; 4400080000.0;7213000; 238574;2177000000;4069000000;7641000;-1; 4.43
Czech Republic ;2004; 118971000000.0;10197101; 4556270000.0;6643000; 226922;2682000000;4931000000;9047000;-1; 3.83
Czech Republic ;2005; 135990000000.0;10211216; 4857040000.0;6963000; 250154;2603000000;5772000000;9404000;-1; 3.572
Czech Republic ;2006; 155213000000.0;10238905; 5089520000.0;6393000; 260830;2874000000;6702000000;9539000;-1; 3.279
Czech Republic ;2007; 188614000000.0;10298828; 5144590000.0;9048000; 264818;3704000000;7775000000;9370000;-1; 2.728
Czech Republic ;2008; 235513000000.0;10384603; 5103780000.0;9665000; 272985;5029000000;9228000000;9373000;-1; 2.167
Czech Republic ;2009; 205852000000.0;10443936; 4890170000.0;8904000; 264392;4336000000;8164000000;8848000;-1; 2.376
Czech Republic ;2010; 207016000000.0;10474410; 4819610000.0;8673000; 262779;4354000000;8068000000;8629000;-1; 2.328
Czech Republic ;2011; 227948000000.0;10496088; 4732960000.0;5279000; 249065;4876000000;8930000000;9019000;-1; 2.076
Czech Republic ;2012; 207376000000.0;10510785; 4664090000.0;5419000; 225600;4556000000;8174000000;10123000;34.8; 2.249
Czech Republic ;2013; 209402000000.0;10514272; 4508000000.0;5304000; 210455;4698000000;7792000000;10300000;34.8; 2.153
Czech Republic ;2014; 207818000000.0;10525347; 4484510000.0;-1; 207444;5172000000;7611000000;10617000;35.2; 2.158
Czech Republic ;2015; 185156000000.0;10551219; 4612270000.0;-1; 208331;-1;-1;-1;-1; 2.491
Czech Republic ;2016; 193535000000.0;-1; 4805210000.0;-1; 213169;-1;-1;-1;-1; 2.483
Denmark        ;2000; 164188000000.0;5339616; 6726960000.0;5011000; 96746;4669000000;3671000000;3535000;-1; 4.097
Denmark        ;2001; 164820000000.0;5358783; 6427140000.0;4946000; 91770;4861000000;4003000000;3684000;-1; 3.899
Denmark        ;2002; 178648000000.0;5375931; 5997650000.0;4935000; 84825;5838000000;4791000000;3436000;-1; 3.357
Denmark        ;2003; 218139000000.0;5390574; 5613850000.0;5564000; 79291;6659000000;5271000000;3474000;-1; 2.574
Denmark        ;2004; 251240000000.0;5404523; 5793940000.0;4630000; 81361;7279000000;5652000000;4421000;-1; 2.306
Denmark        ;2005; 264581000000.0;5419432; 5891980000.0;5469000; 82584;6850000000;5293000000;9178000;-1; 2.227
Denmark        ;2006; 282972000000.0;5437272; 5992400000.0;6129000; 83208;7486000000;5562000000;9256000;-1; 2.118
Denmark        ;2007; 319500000000.0;5461438; 5791440000.0;6564000; 79415;8830000000;5978000000;9284000;-1; 1.813
Denmark        ;2008; 352589000000.0;5493621; 5488900000.0;6347000; 77352;9698000000;6281000000;9016000;-1; 1.557
Denmark        ;2009; 319765000000.0;5523095; 5229040000.0;7037000; 76934;8968000000;5617000000;8547000;-1; 1.635
Denmark        ;2010; 319812000000.0;5547683; 5284470000.0;7726000; 73882;9082000000;5704000000;8744000;-1; 1.652
Denmark        ;2011; 341498000000.0;5570572; 5441140000.0;7846000; 74154;9840000000;6366000000;7864000;-1; 1.593
Denmark        ;2012; 325012000000.0;5591572; 5502860000.0;7843000; 73968;9600000000;6135000000;8443000;40; 1.693
Denmark        ;2013; 338927000000.0;5614932; 5599840000.0;6977000; 75005;10072000000;6490000000;8557000;42; 1.652
Denmark        ;2014; 346119000000.0;5643475; 5805420000.0;8528000; 77116;10172000000;7002000000;10267000;44; 1.677
Denmark        ;2015; 295091000000.0;5676002; 6024060000.0;-1; 80788;-1;-1;-1;-1; 2.041
Denmark        ;2016; 302571000000.0;-1; 6068690000.0;-1; 80102;-1;-1;-1;-1; 2.006
Estonia        ;2000; 5706000000.0;1396985; 646734000.0;1800000; 27039;253000000;657000000;1220000;-1; 11.334
Estonia        ;2001; 6260000000.0;1388115; 648408000.0;1658000; 25911;253000000;661000000;1320000;-1; 10.358
Estonia        ;2002; 7345000000.0;1379350; 674861000.0;1849000; 25558;305000000;737000000;1362000;-1; 9.188
Estonia        ;2003; 9852000000.0;1370720; 658734000.0;2075000; 23869;404000000;883000000;1462000;-1; 6.686
Estonia        ;2004; 12071000000.0;1362550; 722829000.0;-1; 24848;486000000;1111000000;1750000;-1; 5.988
Estonia        ;2005; 14024000000.0;1354775; 772962000.0;-1; 25266;530000000;1229000000;1917000;-1; 5.512
Estonia        ;2006; 16987000000.0;1346810; 778217000.0;438000; 24827;706000000;1361000000;1940000;-1; 4.581
Estonia        ;2007; 22265000000.0;1340680; 679645000.0;677000; 20558;804000000;1416000000;1900000;-1; 3.053
Estonia        ;2008; 24285000000.0;1337090; 696661000.0;692000; 22069;939000000;1643000000;2079000;-1; 2.869
Estonia        ;2009; 19712000000.0;1334515; 638560000.0;752000; 21233;605000000;1090000000;2059000;-1; 3.239
Estonia        ;2010; 19538000000.0;1331475; 644934000.0;955000; 20038;633000000;1065000000;2372000;-1; 3.301
Estonia        ;2011; 23191000000.0;1327439; 680158000.0;1054000; 21654;806000000;1256000000;2665000;-1; 2.933
Estonia        ;2012; 23148000000.0;1322696; 680015000.0;1147000; 20812;796000000;1221000000;2744000;45; 2.938
Estonia        ;2013; 25255000000.0;1317997; 773399000.0;1166000; 23476;1233000000;2022000000;2873000;45; 3.062
Estonia        ;2014; 26527000000.0;1314545; 837726000.0;1426000; 24480;1329000000;2231000000;2918000;44; 3.158
Estonia        ;2015; 22704000000.0;1311998; 875211000.0;-1; 25476;-1;-1;-1;-1; 3.855
Estonia        ;2016; 23476000000.0;-1; 890775000.0;-1; 25407;-1;-1;-1;-1; 3.794
Finland        ;2000; 125908000000.0;5176209; 6184350000.0;5914000; 75319;2293000000;2035000000;2714000;-1; 4.912
Finland        ;2001; 129361000000.0;5188008; 5829020000.0;5824000; 69456;2442000000;2065000000;2826000;-1; 4.506
Finland        ;2002; 140047000000.0;5200598; 5652560000.0;5857000; 66461;2438000000;2235000000;2875000;-1; 4.036
Finland        ;2003; 171398000000.0;5213014; 5471860000.0;5585000; 62842;2954000000;2676000000;2601000;-1; 3.192
Finland        ;2004; 197035000000.0;5228172; 5407370000.0;5798000; 59773;3383000000;2975000000;2840000;-1; 2.744
Finland        ;2005; 204786000000.0;5246096; 5325630000.0;5902000; 58385;3622000000;3069000000;3140000;-1; 2.601
Finland        ;2006; 216742000000.0;5266268; 5307350000.0;5756000; 57595;4099000000;3515000000;3375000;-1; 2.449
Finland        ;2007; 255739000000.0;5288720; 5713600000.0;5749000; 60203;4812000000;4287000000;3519000;-1; 2.234
Finland        ;2008; 285087000000.0;5313399; 5318360000.0;5854000; 56077;5579000000;4873000000;3583000;-1; 1.866
Finland        ;2009; 252137000000.0;5338871; 4667590000.0;5832000; 52314;5226000000;4104000000;3423000;-1; 1.851
Finland        ;2010; 248262000000.0;5363352; 4744100000.0;6633000; 50770;5267000000;4510000000;3670000;-1; 1.911
Finland        ;2011; 273925000000.0;5388272; 4743640000.0;7274000; 50816;6009000000;5591000000;4192000;-1; 1.732
Finland        ;2012; 256849000000.0;5413971; 4679650000.0;9055000; 52174;5839000000;5415000000;4226000;40; 1.822
Finland        ;2013; 270065000000.0;5438972; 4839670000.0;8562000; 53609;5292000000;4048000000;-1;39; 1.792
Finland        ;2014; 272896000000.0;5461512; 4728880000.0;8731000; 52399;5286000000;3599000000;-1;38.3; 1.733
Finland        ;2015; 232077000000.0;5482013; 4735320000.0;-1; 53321;-1;-1;-1;-1; 2.04
Finland        ;2016; 239186000000.0;-1; 4807890000.0;-1; 54154;-1;-1;-1;-1; 2.01
France         ;2000; 1372452000000.0;60912498; 89198900000.0;19886000; 1295920;26703000000;38534000000;77190000;-1; 6.499
France         ;2001; 1383406000000.0;61357431; 88712900000.0;19265000; 1270130;26749000000;38385000000;75202000;-1; 6.413
France         ;2002; 1505649000000.0;61805267; 86179600000.0;18315000; 1226770;27808000000;40537000000;77012000;-1; 5.724
France         ;2003; 1851660000000.0;62244884; 82897000000.0;18576000; 1167820;32618000000;45990000000;75048000;-1; 4.477
France         ;2004; 2126995000000.0;62704897; 82920800000.0;21131000; 1144790;36029000000;52108000000;74433000;-1; 3.898
France         ;2005; 2207450000000.0;63179356; 81836800000.0;22480000; 1123720;38643000000;52139000000;74988000;-1; 3.707
France         ;2006; 2327052000000.0;63621376; 83496200000.0;22240000; 1146040;39299000000;54587000000;77916000;-1; 3.588
France         ;2007; 2666805000000.0;64016229; 86215800000.0;28103000; 1172980;46051000000;63902000000;80853000;-1; 3.233
France         ;2008; 2937321000000.0;64374990; 86775300000.0;25506000; 1195750;50361000000;68001000000;79218000;-1; 2.954
France         ;2009; 2700658000000.0;64707044; 81960500000.0;25140000; 1154940;45050000000;58858000000;76764000;-1; 3.035
France         ;2010; 2651772000000.0;65027512; 82081400000.0;25041000; 1130860;46704000000;56187000000;76647000;-1; 3.095
France         ;2011; 2865304000000.0;65342776; 88037700000.0;26155000; 1198170;55472000000;66087000000;80499000;-1; 3.073
France         ;2012; 2682901000000.0;65659790; 88301300000.0;25450000; 1193950;50087000000;64001000000;81980000;48.3; 3.291
France         ;2013; 2809390000000.0;65972097; 89419200000.0;26243000; 1183940;53420000000;66049000000;83634000;47.4; 3.183
France         ;2014; 2843673000000.0;66495940; 89765400000.0;28180000; 1187110;59377000000;66803000000;83767000;46.5; 3.157
France         ;2015; 2420163000000.0;66808385; 89156500000.0;-1; 1170310;-1;-1;-1;-1; 3.684
France         ;2016; 2488284000000.0;-1; 91742200000.0;-1; 1195150;-1;-1;-1;-1; 3.687
Germany        ;2000; 1955673000000.0;82211508; 133421000000.0;74400000; 3222840;57601000000;24943000000;18983000;-1; 6.822
Germany        ;2001; 1952325000000.0;82349925; 136537000000.0;76400000; 3260060;56529000000;24175000000;17861000;-1; 6.994
Germany        ;2002; 2086496000000.0;82488495; 128761000000.0;73300000; 3119260;59496000000;26690000000;17969000;-1; 6.171
Germany        ;2003; 2510528000000.0;82534176; 119213000000.0;74600000; 2916480;73203000000;30104000000;18399000;-1; 4.749
Germany        ;2004; 2823071000000.0;82516260; 120555000000.0;72300000; 2925920;80624000000;36390000000;20137000;-1; 4.27
Germany        ;2005; 2866308000000.0;82469422; 122163000000.0;77400000; 2974480;84537000000;40531000000;21500000;-1; 4.262
Germany        ;2006; 3005081000000.0;82376451; 127813000000.0;71200000; 3000380;85679000000;45537000000;23569000;-1; 4.253
Germany        ;2007; 3444723000000.0;82266372; 123970000000.0;70400000; 2844270;96188000000;49333000000;24421000;-1; 3.599
Germany        ;2008; 3770150000000.0;82110097; 119653000000.0;73000000; 2763380;105645000000;53400000000;24884000;-1; 3.174
Germany        ;2009; 3426672000000.0;81902307; 114316000000.0;72300000; 2889860;92826000000;47462000000;24220000;-1; 3.336
Germany        ;2010; 3423466000000.0;81776930; 120439000000.0;-1; 2939380;90883000000;49128000000;26875000;-1; 3.518
Germany        ;2011; 3761142000000.0;81797673; 121928000000.0;-1; 2896790;99840000000;53430000000;28374000;-1; 3.242
Germany        ;2012; 3545946000000.0;80425823; 125572000000.0;82729000; 2949230;96235000000;51646000000;30411000;39.9; 3.541
Germany        ;2013; 3753687000000.0;82132753; 126157000000.0;87459000; 2913810;105488000000;55312000000;31545000;40.6; 3.361
Germany        ;2014; 3885440000000.0;80982500; 129232000000.0;83008000; 2967920;106630000000;55924000000;32999000;41.8; 3.326
Germany        ;2015; 3365293000000.0;81413145; 130746000000.0;-1; 3010590;-1;-1;-1;-1; 3.885
Germany        ;2016; 3494898000000.0;-1; 134573000000.0;-1; 3033250;-1;-1;-1;-1; 3.851
Greece         ;2000; 132197000000.0;10805808; 12490300000.0;-1; 410209;4564000000;9262000000;13096000;-1; 9.448
Greece         ;2001; 136308000000.0;10862132; 12937900000.0;-1; 404046;4189000000;9216000000;14057000;-1; 9.492
Greece         ;2002; 154376000000.0;10902022; 13149400000.0;-1; 416263;2453000000;10005000000;14180000;-1; 8.518
Greece         ;2003; 202311000000.0;10928070; 12803800000.0;-1; 390686;2439000000;10842000000;13969000;-1; 6.329
Greece         ;2004; 240848000000.0;10955141; 13405400000.0;-1; 378787;2880000000;12809000000;13313000;-1; 5.566
Greece         ;2005; 248207000000.0;10987314; 13982400000.0;-1; 383687;3045000000;13453000000;14765000;-1; 5.633
Greece         ;2006; 273558000000.0;11020362; 14226800000.0;-1; 377558;3004000000;14495000000;16039000;-1; 5.201
Greece         ;2007; 318940000000.0;11048473; 14062400000.0;-1; 365619;3430000000;15687000000;16165000;-1; 4.409
Greece         ;2008; 356140000000.0;11077841; 14182000000.0;3765000; 371995;3946000000;17586000000;15939000;-1; 3.982
Greece         ;2009; 330837000000.0;11107017; 14077200000.0;3835000; 379877;4120000000;16027000000;14915000;-1; 4.255
Greece         ;2010; 299919000000.0;11121341; 12891600000.0;3799000; 357459;3401000000;13858000000;15007000;-1; 4.298
Greece         ;2011; 288062000000.0;11104899; 12733800000.0;4941000; 359871;3807000000;16256000000;16427000;-1; 4.421
Greece         ;2012; 245807000000.0;11045011; 12042000000.0;4681000; 337914;3006000000;14671000000;15518000;43.2; 4.899
Greece         ;2013; 239585000000.0;10965211; 13491500000.0;4594000; 368893;3768000000;17436000000;17920000;45.2; 5.631
Greece         ;2014; 235948000000.0;10892413; 14627900000.0;5802000; 395985;4001000000;19481000000;22033000;47.3; 6.2
Greece         ;2015; 195320000000.0;10823732; 14704100000.0;-1; 400983;-1;-1;-1;-1; 7.528
Greece         ;2016; 195878000000.0;-1; 14626200000.0;-1; 403332;-1;-1;-1;-1; 7.467
Hungary        ;2000; 47170000000.0;10210971; 5279400000.0;11065000; 305656;1722000000;3809000000;-1;-1; 11.192
Hungary        ;2001; 53656000000.0;10187576; 5304580000.0;11167000; 298149;1887000000;4191000000;-1;-1; 9.886
Hungary        ;2002; 67517000000.0;10158608; 4296910000.0;12966000; 245469;2211000000;3774000000;-1;-1; 6.364
Hungary        ;2003; 84999000000.0;10129552; 4047030000.0;14283000; 229619;2700000000;4119000000;-1;-1; 4.761
Hungary        ;2004; 103641000000.0;10107146; 3810890000.0;17558000; 211555;2482000000;4009000000;12212000;-1; 3.677
Hungary        ;2005; 112531000000.0;10087065; 4272100000.0;17759000; 221343;2721000000;4761000000;9979000;-1; 3.796
Hungary        ;2006; 114734000000.0;10071370; 4371700000.0;16597000; 219395;2319000000;4998000000;9259000;-1; 3.81
Hungary        ;2007; 139080000000.0;10055780; 4185140000.0;17056000; 212702;3088000000;5628000000;8638000;-1; 3.009
Hungary        ;2008; 157095000000.0;10038188; 4558090000.0;17162000; 223834;3857000000;7533000000;8814000;-1; 2.901
Hungary        ;2009; 129774000000.0;10022650; 4610250000.0;16640000; 228657;3251000000;7013000000;9058000;-1; 3.553
Hungary        ;2010; 130093000000.0;10000023; 4455990000.0;16082000; 226491;2897000000;6595000000;9510000;-1; 3.425
Hungary        ;2011; 139938000000.0;9971727; 4557380000.0;16634000; 231428;3048000000;7239000000;10250000;-1; 3.257
Hungary        ;2012; 127176000000.0;9920362; 4362050000.0;16143000; 228747;2457000000;6149000000;10353000;32.1; 3.43
Hungary        ;2013; 134402000000.0;9893082; 4118920000.0;16038000; 213865;2526000000;6671000000;10624000;33.5; 3.065
Hungary        ;2014; 138347000000.0;9866468; 4511380000.0;16340000; 231444;2718000000;7479000000;12140000;35; 3.261
Hungary        ;2015; 120636000000.0;9844686; 4778610000.0;-1; 246232;-1;-1;-1;-1; 3.961
Hungary        ;2016; 117065000000.0;-1; 4928000000.0;-1; 250638;-1;-1;-1;-1; 4.21
Ireland        ;2000; 99876000000.0;3805174; 3465930000.0;3783000; 39466;2626000000;3517000000;6646000;-1; 3.47
Ireland        ;2001; 109138000000.0;3866243; 3293610000.0;4216000; 37418;2956000000;3789000000;6353000;-1; 3.018
Ireland        ;2002; 128007000000.0;3931947; 3002800000.0;4634000; 33241;3835000000;4228000000;6476000;-1; 2.346
Ireland        ;2003; 164311000000.0;3996521; 3032620000.0;4929000; 32872;4832000000;5206000000;6764000;-1; 1.846
Ireland        ;2004; 193934000000.0;4070262; 3187530000.0;5409000; 33770;5291000000;6075000000;6953000;-1; 1.644
Ireland        ;2005; 211699000000.0;4159914; 3397410000.0;6113000; 35821;6186000000;6780000000;7333000;-1; 1.605
Ireland        ;2006; 232166000000.0;4273591; 3601200000.0;6848000; 37422;6978000000;7664000000;8001000;-1; 1.551
Ireland        ;2007; 270029000000.0;4398942; 3778290000.0;7713000; 38964;8785000000;9263000000;8332000;-1; 1.399
Ireland        ;2008; 274929000000.0;4489544; 3774960000.0;7877000; 39041;10539000000;9967000000;8026000;-1; 1.373
Ireland        ;2009; 235751000000.0;4535375; 3722720000.0;7047000; 37662;7934000000;8458000000;7189000;-1; 1.579
Ireland        ;2010; 221343000000.0;4560155; 3794520000.0;6917000; 36559;7178000000;8187000000;7134000;-1; 1.714
Ireland        ;2011; 240590000000.0;4576794; 3966800000.0;6514000; 37886;6837000000;9526000000;7630000;-1; 1.649
Ireland        ;2012; 225820000000.0;4586897; 4035350000.0;6600000; 38195;6001000000;9064000000;7550000;43; 1.787
Ireland        ;2013; 239271000000.0;4598294; 4040100000.0;6579000; 39319;6222000000;9538000000;8260000;44; 1.689
Ireland        ;2014; 256272000000.0;4617225; 4656050000.0;6676000; 41966;6173000000;11093000000;8813000;46; 1.817
Ireland        ;2015; 283716000000.0;4640703; 5006130000.0;-1; 43507;-1;-1;-1;-1; 1.764
Ireland        ;2016; 307917000000.0;-1; 5275650000.0;-1; 44830;-1;-1;-1;-1; 1.713
Italy          ;2000; 1145109000000.0;56942108; 96232000000.0;21993000; 1179090;18169000000;28706000000;41181000;-1; 8.404
Italy          ;2001; 1163316000000.0;56974100; 94518300000.0;22421000; 1174230;16997000000;26916000000;39563000;-1; 8.125
Italy          ;2002; 1270994000000.0;57059007; 88134900000.0;25126000; 1127890;19636000000;28192000000;39799000;-1; 6.934
Italy          ;2003; 1572653000000.0;57313203; 82746200000.0;26817000; 1074900;23731000000;32591000000;39604000;-1; 5.262
Italy          ;2004; 1800756000000.0;57685327; 83547300000.0;23349000; 1085540;24064000000;37870000000;37071000;-1; 4.64
Italy          ;2005; 1855834000000.0;57969484; 81419700000.0;24796000; 1072540;26774000000;38374000000;36513000;-1; 4.387
Italy          ;2006; 1944339000000.0;58143979; 83688500000.0;25697000; 1116300;27437000000;41644000000;41058000;-1; 4.304
Italy          ;2007; 2206109000000.0;58438310; 82921100000.0;27734000; 1108780;32754000000;46144000000;43654000;-1; 3.759
Italy          ;2008; 2402062000000.0;58826731; 77452400000.0;28284000; 1055270;30926000000;46191000000;42734000;-1; 3.224
Italy          ;2009; 2190700000000.0;59095365; 70501800000.0;29060000; 1007400;27947000000;40375000000;43239000;-1; 3.218
Italy          ;2010; 2129021000000.0;59277417; 71534200000.0;29823000; 1001220;26908000000;38438000000;43626000;-1; 3.36
Italy          ;2011; 2278376000000.0;59379449; 74395700000.0;29295000; 1050050;28727000000;43241000000;46119000;-1; 3.265
Italy          ;2012; 2073972000000.0;59539717; 72683600000.0;28810000; 1052960;26249000000;40960000000;46360000;40.9; 3.505
Italy          ;2013; 2130997000000.0;60233948; 72505500000.0;27798000; 1055660;26950000000;43829000000;47704000;40.5; 3.402
Italy          ;2014; 2141937000000.0;60789140; 73806800000.0;28460000; 1080730;28857000000;45547000000;48576000;40.6; 3.446
Italy          ;2015; 1815759000000.0;60802085; 76286300000.0;-1; 1118990;-1;-1;-1;-1; 4.201
Italy          ;2016; 1852499000000.0;-1; 77890300000.0;-1; 1141760;-1;-1;-1;-1; 4.205
Latvia         ;2000; 7945000000.0;2367550; 476174000.0;2596000; 21215;281000000;172000000;509000;-1; 5.993
Latvia         ;2001; 8348000000.0;2337170; 495699000.0;2697000; 21302;255000000;153000000;591000;-1; 5.938
Latvia         ;2002; 9545000000.0;2310173; 546419000.0;2306000; 23492;267000000;201000000;848000;-1; 5.725
Latvia         ;2003; 11740000000.0;2287955; 547607000.0;2286000; 24678;365000000;271000000;971000;-1; 4.664
Latvia         ;2004; 14363000000.0;2263122; 607318000.0;2457000; 26658;428000000;343000000;1079000;-1; 4.228
Latvia         ;2005; 16930000000.0;2238799; 698913000.0;2959000; 29928;655000000;446000000;1116000;-1; 4.128
Latvia         ;2006; 21430000000.0;2218357; 801423000.0;3151000; 32809;788000000;622000000;1535000;-1; 3.74
Latvia         ;2007; 30892000000.0;2200325; 841911000.0;3398000; 30926;1021000000;881000000;1653000;-1; 2.725
Latvia         ;2008; 35709000000.0;2177322; 882741000.0;3782000; 33431;1139000000;801000000;1684000;-1; 2.472
Latvia         ;2009; 26213000000.0;2141669; 868605000.0;3268000; 32135;798000000;724000000;1323000;-1; 3.314
Latvia         ;2010; 23787000000.0;2097555; 872759000.0;3332000; 31192;648000000;640000000;1373000;-1; 3.669
Latvia         ;2011; 28414000000.0;2059709; 871868000.0;3257000; 33929;765000000;771000000;1493000;-1; 3.068
Latvia         ;2012; 28055000000.0;2034319; 933065000.0;1398000; 31681;680000000;745000000;1435000;35.8; 3.326
Latvia         ;2013; 30199000000.0;2012647; 958624000.0;1246000; 32256;900000000;1190000000;1536000;35.9; 3.174
Latvia         ;2014; 31303000000.0;1993782; 1016430000.0;1362000; 33660;908000000;1244000000;1843000;39.8; 3.247
Latvia         ;2015; 26957000000.0;1978440; 1116350000.0;-1; 36570;-1;-1;-1;-1; 4.141
Latvia         ;2016; 27945000000.0;-1; 1171760000.0;-1; 37310;-1;-1;-1;-1; 4.193
Lithuania      ;2000; 11539000000.0;3499536; 575326000.0;3632000; 35928;261000000;430000000;1083000;-1; 4.986
Lithuania      ;2001; 12253000000.0;3470818; 624380000.0;3390000; 34507;227000000;425000000;1271000;-1; 5.096
Lithuania      ;2002; 14275000000.0;3443067; 604295000.0;3584000; 31783;334000000;556000000;1428000;-1; 4.233
Lithuania      ;2003; 18803000000.0;3415213; 671279000.0;3502000; 32997;476000000;700000000;1491000;-1; 3.57
Lithuania      ;2004; 22647000000.0;3377075; 737754000.0;-1; 34041;643000000;834000000;1800000;-1; 3.258
Lithuania      ;2005; 26182000000.0;3322528; 769299000.0;1633000; 34175;743000000;920000000;2000000;-1; 2.938
Lithuania      ;2006; 30235000000.0;3269909; 816536000.0;1789000; 34660;909000000;1038000000;2180000;-1; 2.701
Lithuania      ;2007; 39788000000.0;3231294; 865704000.0;1661000; 34730;1144000000;1154000000;1486000;-1; 2.176
Lithuania      ;2008; 48125000000.0;3198231; 709963000.0;1757000; 27598;1530000000;1248000000;1611000;-1; 1.475
Lithuania      ;2009; 37533000000.0;3162916; 688588000.0;1288000; 28736;1119000000;972000000;1341000;-1; 1.835
Lithuania      ;2010; 37201000000.0;3097282; 512175000.0;1411000; 20096;849000000;958000000;1507000;-1; 1.377
Lithuania      ;2011; 43547000000.0;3028115; 545375000.0;1526000; 20585;859000000;1321000000;1775000;-1; 1.252
Lithuania      ;2012; 42870000000.0;2987773; 608566000.0;1708000; 20696;925000000;1317000000;1900000;35; 1.42
Lithuania      ;2013; 46426000000.0;2957689; 637201000.0;1764000; 21036;1069000000;1374000000;2012000;36.8; 1.373
Lithuania      ;2014; 48468000000.0;2932367; 651770000.0;1789000; 21487;1058000000;1383000000;2063000;37.1; 1.345
Lithuania      ;2015; 41193000000.0;2910199; 674386000.0;-1; 22553;-1;-1;-1;-1; 1.637
Lithuania      ;2016; 42776000000.0;-1; 686503000.0;-1; 22779;-1;-1;-1;-1; 1.605
Luxembourg     ;2000; 21438000000.0;436300; 882116000.0;263000; 5755;1309000000;1686000000;852000;-1; 4.115
Luxembourg     ;2001; 21070000000.0;441525; 882952000.0;261000; 5368;1464000000;1780000000;836000;-1; 4.191
Luxembourg     ;2002; 23391000000.0;446175; 698592000.0;-1; 4208;1963000000;2547000000;885000;-1; 2.987
Luxembourg     ;2003; 29263000000.0;451630; 703319000.0;-1; 4192;2445000000;3149000000;867000;-1; 2.403
Luxembourg     ;2004; 34390000000.0;458095; 804335000.0;-1; 4785;2950000000;3880000000;878000;-1; 2.339
Luxembourg     ;2005; 37041000000.0;465158; 824832000.0;-1; 4903;2959000000;3517000000;913000;-1; 2.227
Luxembourg     ;2006; 41950000000.0;472637; 899123000.0;-1; 5532;3004000000;3518000000;908000;-1; 2.143
Luxembourg     ;2007; 50393000000.0;479993; 998545000.0;-1; 5605;3410000000;3991000000;914000;-1; 1.982
Luxembourg     ;2008; 55406000000.0;488650; 1038140000.0;-1; 5919;3772000000;4500000000;877000;-1; 1.874
Luxembourg     ;2009; 50514000000.0;497783; 987522000.0;-1; 6174;3594000000;4182000000;847000;-1; 1.955
Luxembourg     ;2010; 52445000000.0;506953; 1004040000.0;1507000; 5857;3691000000;4559000000;805000;-1; 1.914
Luxembourg     ;2011; 58755000000.0;518347; 1040900000.0;1642000; 5934;3638000000;4987000000;870000;-1; 1.772
Luxembourg     ;2012; 56018000000.0;530946; 978028000.0;1580000; 5757;3781000000;5273000000;950000;30.6; 1.746
Luxembourg     ;2013; 61814000000.0;543360; 992953000.0;1624000; 5918;4023000000;5652000000;945000;31.8; 1.606
Luxembourg     ;2014; 64977000000.0;556319; 1040970000.0;1516000; 5932;3608000000;5488000000;1038000;35.1; 1.602
Luxembourg     ;2015; 57825000000.0;569676; 1030510000.0;-1; 6084;-1;-1;-1;-1; 1.782
Luxembourg     ;2016; 60984000000.0;-1; 1064930000.0;-1; 6217;-1;-1;-1;-1; 1.746
Malta          ;2000; 4059000000.0;381363; 936979000.0;200000; 21999;224000000;731000000;1216000;-1; 23.084
Malta          ;2001; 4067000000.0;393028; 929202000.0;179000; 22622;204000000;704000000;1180000;-1; 22.847
Malta          ;2002; 4475000000.0;395969; 956558000.0;157000; 22655;180000000;757000000;1134000;-1; 21.376
Malta          ;2003; 5423000000.0;398582; 930319000.0;174000; 21486;238000000;869000000;1127000;-1; 17.155
Malta          ;2004; 6049000000.0;401268; 916185000.0;203000; 21059;291000000;949000000;1156000;-1; 15.146
Malta          ;2005; 6402000000.0;403834; 893812000.0;225000; 20357;311000000;924000000;1171000;-1; 13.961
Malta          ;2006; 6786000000.0;405308; 915575000.0;257000; 20600;362000000;966000000;1124000;-1; 13.492
Malta          ;2007; 7944000000.0;406724; 996920000.0;280000; 22110;284000000;1185000000;1244000;-1; 12.549
Malta          ;2008; 9020000000.0;409379; 1026930000.0;261000; 22734;307000000;1082000000;1291000;-1; 11.385
Malta          ;2009; 8550000000.0;412477; 900388000.0;264000; 20403;291000000;899000000;1182000;-1; 10.531
Malta          ;2010; 8757000000.0;414508; 992929000.0;294000; 21989;309000000;1066000000;1339000;-1; 11.339
Malta          ;2011; 9566000000.0;416268; 1092830000.0;309000; 24529;333000000;1276000000;1415000;-1; 11.424
Malta          ;2012; 9267000000.0;419455; 1181920000.0;331000; 26102;339000000;1260000000;1443000;57.6; 12.754
Malta          ;2013; 10189000000.0;423374; 1206460000.0;363000; 26692;384000000;1402000000;1582000;60.5; 11.841
Malta          ;2014; 10754000000.0;427364; 1293170000.0;391000; 27835;397000000;1521000000;1690000;63.8; 12.025
Malta          ;2015; 9752000000.0;431333; 1397390000.0;-1; 29207;-1;-1;-1;-1; 14.329
Malta          ;2016; 10463000000.0;-1; 1468990000.0;-1; 29971;-1;-1;-1;-1; 14.04
Netherlands    ;2000; 414018000000.0;15925513; 15862800000.0;13896000; 571860;13649000000;11285000000;10003000;-1; 3.831
Netherlands    ;2001; 426940000000.0;16046180; 15867800000.0;14214000; 566298;13061000000;11147000000;9500000;-1; 3.717
Netherlands    ;2002; 467016000000.0;16148929; 15590200000.0;16719000; 543645;14201000000;11745000000;9595000;-1; 3.338
Netherlands    ;2003; 572958000000.0;16225302; 15848700000.0;16425000; 570095;15887000000;14603000000;9181000;-1; 2.766
Netherlands    ;2004; 651416000000.0;16281779; 16065600000.0;17130000; 572532;16937000000;16495000000;9646000;-1; 2.466
Netherlands    ;2005; 679695000000.0;16319868; 14818300000.0;17039000; 521112;13724000000;8770000000;10012000;-1; 2.18
Netherlands    ;2006; 727287000000.0;16346101; 14935200000.0;16695000; 519460;14588000000;9273000000;10739000;-1; 2.054
Netherlands    ;2007; 840583000000.0;16381696; 15106900000.0;17523000; 523835;17277000000;11313000000;11008000;-1; 1.797
Netherlands    ;2008; 940665000000.0;16445593; 14501800000.0;18399000; 528470;19805000000;12874000000;10104000;-1; 1.542
Netherlands    ;2009; 860108000000.0;16530388; 13035700000.0;18340000; 478585;18628000000;12063000000;9921000;-1; 1.516
Netherlands    ;2010; 837949000000.0;16615394; 12489300000.0;18368000; 455385;19044000000;11653000000;10883000;-1; 1.49
Netherlands    ;2011; 894576000000.0;16693074; 12662300000.0;18560000; 448083;20741000000;12897000000;11300000;-1; 1.415
Netherlands    ;2012; 829406000000.0;16754962; 12409700000.0;18628000; 444050;19678000000;12261000000;11680000;42.3; 1.496
Netherlands    ;2013; 866951000000.0;16804432; 12755100000.0;18094000; 424239;20355000000;13751000000;12783000;42.8; 1.471
Netherlands    ;2014; 881033000000.0;16865008; 13278600000.0;17928000; 422525;21390000000;14682000000;13925000;44.2; 1.507
Netherlands    ;2015; 750696000000.0;16936520; 13861000000.0;-1; 434833;-1;-1;-1;-1; 1.846
Netherlands    ;2016; 769930000000.0;-1; 14647200000.0;-1; 451300;-1;-1;-1;-1; 1.902
Poland         ;2000; 171276000000.0;38258629; 7420110000.0;56677000; 371492;3417000000;6128000000;17400000;-1; 4.332
Poland         ;2001; 190430000000.0;38248076; 5979650000.0;53122000; 288313;3595000000;5121000000;15000000;-1; 3.14
Poland         ;2002; 198679000000.0;38230364; 5854570000.0;45043000; 267182;3440000000;4971000000;13980000;-1; 2.947
Poland         ;2003; 217514000000.0;38204570; 5484890000.0;38730000; 239906;3286000000;4733000000;13720000;-1; 2.522
Poland         ;2004; 253709000000.0;38182222; 6089780000.0;37226000; 258175;5092000000;6499000000;14290000;-1; 2.4
Poland         ;2005; 304430000000.0;38165445; 6035440000.0;40841000; 253785;5894000000;7128000000;15200000;-1; 1.983
Poland         ;2006; 343272000000.0;38141267; 6409120000.0;44696000; 265228;7654000000;8122000000;15670000;-1; 1.867
Poland         ;2007; 429172000000.0;38120560; 7241830000.0;47561000; 295366;8342000000;11686000000;14975000;-1; 1.687
Poland         ;2008; 530170000000.0;38125759; 6709200000.0;50243000; 273322;10689000000;12895000000;12960000;-1; 1.265
Poland         ;2009; 436817000000.0;38151603; 6785650000.0;39270000; 275512;7891000000;9889000000;11890000;-1; 1.553
Poland         ;2010; 479082000000.0;38042794; 6720460000.0;42760000; 266073;9100000000;10037000000;12470000;-1; 1.403
Poland         ;2011; 528481000000.0;38063255; 7142850000.0;43270000; 268303;8882000000;11649000000;13350000;-1; 1.352
Poland         ;2012; 500713000000.0;38063164; 7664020000.0;48290000; 277861;9129000000;11888000000;14840000;33.1; 1.531
Poland         ;2013; 524223000000.0;38040196; 7868800000.0;52580000; 277776;9132000000;12432000000;15800000;33.7; 1.501
Poland         ;2014; 544877000000.0;38011735; 7728280000.0;56000000; 269958;9540000000;12311000000;16000000;34.7; 1.418
Poland         ;2015; 474775000000.0;37999494; 7999070000.0;-1; 275365;-1;-1;-1;-1; 1.685
Poland         ;2016; 467350000000.0;-1; 8236840000.0;-1; 277834;-1;-1;-1;-1; 1.762
Portugal       ;2000; 118706000000.0;10289898; 11164800000.0;-1; 342648;2754000000;6027000000;5599000;-1; 9.405
Portugal       ;2001; 121650000000.0;10362722; 11026000000.0;-1; 348793;2606000000;6236000000;5392000;-1; 9.064
Portugal       ;2002; 134704000000.0;10419631; 10467100000.0;-1; 334995;2631000000;6595000000;5560000;-1; 7.77
Portugal       ;2003; 165280000000.0;10458821; 9717910000.0;-1; 320778;2982000000;7634000000;6383000;-1; 5.88
Portugal       ;2004; 189444000000.0;10483861; 9818180000.0;17141000; 313664;3369000000;8858000000;5654000;-1; 5.183
Portugal       ;2005; 197642000000.0;10503330; 9496880000.0;18110000; 311243;3742000000;9042000000;5769000;-1; 4.805
Portugal       ;2006; 208750000000.0;10522288; 9774680000.0;18378000; 315578;4146000000;10482000000;6349000;-1; 4.682
Portugal       ;2007; 240502000000.0;10542964; 10345500000.0;20989000; 322304;4866000000;12948000000;6788000;-1; 4.302
Portugal       ;2008; 263249000000.0;10558177; 10206000000.0;-1; 320953;5286000000;14072000000;6962000;-1; 3.877
Portugal       ;2009; 244364000000.0;10568247; 9428890000.0;-1; 309997;4605000000;12344000000;6439000;-1; 3.859
Portugal       ;2010; 238748000000.0;10573100; 10033100000.0;-1; 316611;4692000000;12985000000;6756000;-1; 4.202
Portugal       ;2011; 245120000000.0;10557560; 10611600000.0;-1; 323590;4948000000;14901000000;7264000;-1; 4.329
Portugal       ;2012; 216488000000.0;10514844; 10842100000.0;1361000; 324890;4485000000;14582000000;7503000;39.5; 5.008
Portugal       ;2013; 226144000000.0;10457295; 11187500000.0;1329000; 317454;4976000000;16210000000;8097000;39.8; 4.947
Portugal       ;2014; 230483000000.0;10401062; 11967100000.0;-1; 344977;5391000000;17784000000;9092000;42.4; 5.192
Portugal       ;2015; 199032000000.0;10348648; 12562700000.0;-1; 362797;-1;-1;-1;-1; 6.312
Portugal       ;2016; 205860000000.0;-1; 13019400000.0;-1; 379664;-1;-1;-1;-1; 6.324
Romania        ;2000; 37466000000.0;22442971; 1177230000.0;6388000; 153035;447000000;394000000;5264000;-1; 3.142
Romania        ;2001; 40717000000.0;22131970; 1257690000.0;6408000; 152949;475000000;419000000;4938000;-1; 3.089
Romania        ;2002; 46174000000.0;21730496; 1260150000.0;5757000; 147462;448000000;400000000;4794000;-1; 2.729
Romania        ;2003; 59868000000.0;21574326; 1498440000.0;6497000; 173285;572000000;523000000;5595000;-1; 2.503
Romania        ;2004; 76217000000.0;21451748; 1699370000.0;6972000; 186277;672000000;607000000;6600000;-1; 2.23
Romania        ;2005; 99699000000.0;21319685; 2515440000.0;7140000; 244316;1073000000;1325000000;5839000;-1; 2.523
Romania        ;2006; 123534000000.0;21193760; 2047340000.0;8906000; 201259;1459000000;1676000000;6037000;-1; 1.657
Romania        ;2007; 171679000000.0;20882982; 2163120000.0;10980000; 201028;1725000000;2073000000;7722000;-1; 1.26
Romania        ;2008; 209664000000.0;20537875; 2293120000.0;13072000; 200651;2409000000;2625000000;8862000;-1; 1.094
Romania        ;2009; 168036000000.0;20367487; 1954740000.0;11723000; 184189;1769000000;1687000000;7575000;-1; 1.163
Romania        ;2010; 167986000000.0;20246871; 1846100000.0;10905000; 175802;1896000000;1631000000;7498000;-1; 1.099
Romania        ;2011; 186113000000.0;20147528; 1914770000.0;10936000; 171753;2295000000;2018000000;7611000;-1; 1.029
Romania        ;2012; 171662000000.0;20058035; 1979020000.0;11149000; 172011;2109000000;1901000000;7937000;30.1; 1.153
Romania        ;2013; 191560000000.0;19983693; 2017940000.0;11364000; 173742;2176000000;2048000000;8019000;29.5; 1.053
Romania        ;2014; 199374000000.0;19908979; 2194670000.0;12299000; 182739;2636000000;2225000000;8442000;30.7; 1.101
Romania        ;2015; 177956000000.0;19832389; 2318890000.0;-1; 189769;-1;-1;-1;-1; 1.303
Romania        ;2016; 186514000000.0;-1; 2387030000.0;-1; 189161;-1;-1;-1;-1; 1.28
Slovakia       ;2000; 20691000000.0;5388720; 714536000.0;-1; 30414;341000000;441000000;-1;-1; 3.453
Slovakia       ;2001; 21387000000.0;5378867; 906223000.0;-1; 37804;340000000;649000000;-1;-1; 4.237
Slovakia       ;2002; 24854000000.0;5376912; 1009450000.0;-1; 40571;506000000;742000000;-1;-1; 4.062
Slovakia       ;2003; 34023000000.0;5373374; 975232000.0;-1; 38310;662000000;876000000;5660000;-1; 2.866
Slovakia       ;2004; 43121000000.0;5372280; 913362000.0;-1; 34437;900000000;931000000;5719000;-1; 2.118
Slovakia       ;2005; 48887000000.0;5372807; 1090770000.0;2987000; 39727;1122000000;1282000000;6184000;-1; 2.231
Slovakia       ;2006; 57233000000.0;5373054; 1298950000.0;3149000; 45834;1230000000;1655000000;6579000;-1; 2.27
Slovakia       ;2007; 76897000000.0;5374622; 1659490000.0;3603000; 55084;1825000000;2352000000;7269000;-1; 2.158
Slovakia       ;2008; 96790000000.0;5379233; 1927300000.0;3683000; 62951;2596000000;3004000000;6643000;-1; 1.991
Slovakia       ;2009; 88886000000.0;5386406; 1909210000.0;3230000; 63260;2249000000;2539000000;5298000;-1; 2.148
Slovakia       ;2010; 89416000000.0;5391428; 1811670000.0;2692000; 56669;2146000000;2335000000;5415000;-1; 2.026
Slovakia       ;2011; 98015000000.0;5398384; 1753740000.0;3285000; 54159;2449000000;2514000000;5961000;-1; 1.789
Slovakia       ;2012; 93101000000.0;5407579; 1762880000.0;2689000; 52893;2307000000;2365000000;6235000;26.8; 1.894
Slovakia       ;2013; 98064000000.0;5413393; 1856490000.0;2129000; 55628;2367000000;2556000000;-1;27.8; 1.893
Slovakia       ;2014; 100406000000.0;5418649; 1907530000.0;-1; 55646;2622000000;2619000000;-1;27.2; 1.9
Slovakia       ;2015; 86629000000.0;5424050; 2034620000.0;-1; 58876;-1;-1;-1;-1; 2.349
Slovakia       ;2016; 90263000000.0;-1; 2144250000.0;-1; 60654;-1;-1;-1;-1; 2.376
Slovenia       ;2000; 20446000000.0;1988925; 1060200000.0;1965000; 27881;544000000;1016000000;1090000;-1; 5.185
Slovenia       ;2001; 20900000000.0;1992060; 1136620000.0;2055000; 29464;560000000;1059000000;1219000;-1; 5.438
Slovenia       ;2002; 23603000000.0;1994530; 1148710000.0;2127000; 29091;647000000;1152000000;1302000;-1; 4.867
Slovenia       ;2003; 29738000000.0;1995733; 1118160000.0;2114000; 27507;805000000;1427000000;1373000;-1; 3.76
Slovenia       ;2004; 34504000000.0;1997012; 1168590000.0;2800000; 28144;937000000;1725000000;1499000;-1; 3.387
Slovenia       ;2005; 36401000000.0;2000474; 1236460000.0;2660000; 29671;1019000000;1894000000;1555000;-1; 3.397
Slovenia       ;2006; 39621000000.0;2006868; 1300850000.0;2680000; 30075;1058000000;2074000000;1617000;-1; 3.283
Slovenia       ;2007; 48167000000.0;2018122; 1333790000.0;2496000; 30210;1261000000;2465000000;1751000;-1; 2.769
Slovenia       ;2008; 55853000000.0;2021316; 1389030000.0;2459000; 31696;1610000000;2954000000;1958000;-1; 2.487
Slovenia       ;2009; 50372000000.0;2039669; 1336870000.0;2586000; 32075;1456000000;2735000000;1824000;-1; 2.654
Slovenia       ;2010; 48103000000.0;2048583; 1357800000.0;2874000; 31372;1377000000;2721000000;1869000;-1; 2.823
Slovenia       ;2011; 51338000000.0;2052843; 1415250000.0;2722000; 31876;1315000000;2953000000;2037000;-1; 2.757
Slovenia       ;2012; 46284000000.0;2057159; 1382290000.0;2474000; 31417;1081000000;2737000000;2156000;42.6; 2.987
Slovenia       ;2013; 47704000000.0;2059953; 1405880000.0;2612000; 31008;1064000000;2895000000;2259000;42.3; 2.947
Slovenia       ;2014; 49609000000.0;2061980; 1398930000.0;2642000; 30439;1132000000;2939000000;2411000;42.8; 2.82
Slovenia       ;2015; 42798000000.0;2063768; 1509410000.0;-1; 32382;-1;-1;-1;-1; 3.527
Slovenia       ;2016; 44122000000.0;-1; 1539570000.0;-1; 32620;-1;-1;-1;-1; 3.489
Spain          ;2000; 597149000000.0;40263216; 59754100000.0;4100000; 904154;7710000000;32656000000;46403000;-1; 10.007
Spain          ;2001; 626514000000.0;40756001; 61304200000.0;4139000; 918902;8466000000;33829000000;48565000;-1; 9.785
Spain          ;2002; 707642000000.0;41431558; 59973900000.0;3871000; 883180;9366000000;35468000000;50331000;-1; 8.475
Spain          ;2003; 908588000000.0;42187645; 59814600000.0;4094000; 905107;11330000000;43863000000;50854000;-1; 6.583
Spain          ;2004; 1071007000000.0;42921895; 61734200000.0;5121000; 953009;14864000000;49996000000;52430000;-1; 5.764
Spain          ;2005; 1159257000000.0;43653155; 64722900000.0;10464000; 1032100;15175000000;49565000000;55914000;-1; 5.583
Spain          ;2006; 1265661000000.0;44397319; 66577100000.0;10678000; 1072150;16824000000;53160000000;58004000;-1; 5.26
Spain          ;2007; 1481393000000.0;45226803; 68496800000.0;11276000; 1114760;19870000000;59910000000;58666000;-1; 4.624
Spain          ;2008; 1642738000000.0;45954106; 69317700000.0;11229000; 1020320;20540000000;64422000000;57192000;-1; 4.22
Spain          ;2009; 1502876000000.0;46362946; 61416200000.0;12017000; 879191;17133000000;55748000000;52178000;-1; 4.087
Spain          ;2010; 1434257000000.0;46576897; 62392800000.0;12379000; 864317;16930000000;54305000000;52677000;-1; 4.35
Spain          ;2011; 1489381000000.0;46742697; 64912400000.0;13347000; 867972;17375000000;62447000000;56177000;-1; 4.358
Spain          ;2012; 1340689000000.0;46773055; 63884800000.0;12422000; 859452;15401000000;57877000000;57464000;53; 4.765
Spain          ;2013; 1369690000000.0;46620045; 64398300000.0;11246000; 855407;16434000000;62584000000;60675000;54.1; 4.702
Spain          ;2014; 1383537000000.0;46480882; 66395900000.0;11783000; 898256;17969000000;65100000000;64995000;55.7; 4.799
Spain          ;2015; 1199715000000.0;46418269; 68843900000.0;-1; 937262;-1;-1;-1;-1; 5.738
Spain          ;2016; 1252163000000.0;-1; 71156700000.0;-1; 961276;-1;-1;-1;-1; 5.683
Sweden         ;2000; 259839000000.0;8872109; 7456830000.0;10147000; 123858;8959000000;4825000000;3828000;-1; 2.87
Sweden         ;2001; 239957000000.0;8895960; 8248160000.0;10741000; 139233;7916000000;5200000000;4108000;-1; 3.437
Sweden         ;2002; 263940000000.0;8924958; 8570530000.0;12888000; 137141;8221000000;5671000000;4276000;-1; 3.247
Sweden         ;2003; 331109000000.0;8958229; 8292640000.0;12649000; 127527;9375000000;6548000000;4268000;-1; 2.505
Sweden         ;2004; 381743000000.0;8993531; 8549190000.0;13950000; 128533;11088000000;7686000000;4676000;-1; 2.24
Sweden         ;2005; 389043000000.0;9029572; 9060310000.0;15677000; 133461;11380000000;7739000000;4883000;-1; 2.329
Sweden         ;2006; 420017000000.0;9080505; 10119800000.0;12559000; 146415;11685000000;10016000000;4729000;-1; 2.409
Sweden         ;2007; 487818000000.0;9148092; 10323200000.0;12692000; 151990;14336000000;12259000000;5224000;-1; 2.116
Sweden         ;2008; 513966000000.0;9219637; 10248300000.0;13291000; 154992;15447000000;12060000000;4555000;-1; 1.994
Sweden         ;2009; 429656000000.0;9298515; 10094300000.0;11699000; 161937;12791000000;10100000000;4899000;-1; 2.349
Sweden         ;2010; 488378000000.0;9378126; 10252600000.0;13042000; 163217;14912000000;10991000000;5183000;-1; 2.099
Sweden         ;2011; 563110000000.0;9449213; 10402800000.0;14651000; 161025;15446000000;10581000000;5222000;-1; 1.847
Sweden         ;2012; 543881000000.0;9519374; 10307300000.0;15548000; 157634;15628000000;10608000000;5146000;37.8; 1.895
Sweden         ;2013; 578742000000.0;9600379; 10738100000.0;15917000; 164232;17620000000;11535000000;5229000;38.3; 1.855
Sweden         ;2014; 571101000000.0;9696110; 11365800000.0;-1; 172031;18520000000;12696000000;5660000;39.8; 1.99
Sweden         ;2015; 493042000000.0;9798871; 12147000000.0;-1; 179767;-1;-1;-1;-1; 2.464
Sweden         ;2016; 517440000000.0;-1; 12798200000.0;-1; 184134;-1;-1;-1;-1; 2.473
United Kingdom ;2000; 1638702000000.0;58892514; 114517000000.0;56837000; 1699230;47009000000;29978000000;23212000;-1; 6.988
United Kingdom ;2001; 1613588000000.0;59119673; 108693000000.0;58281000; 1679460;46410000000;26137000000;20982000;-1; 6.736
United Kingdom ;2002; 1760454000000.0;59370479; 102431000000.0;59377000; 1563850;51125000000;27819000000;22307000;-1; 5.818
United Kingdom ;2003; 2030626000000.0;59647577; 97427100000.0;61424000; 1462880;58627000000;30736000000;22787000;-1; 4.798
United Kingdom ;2004; 2390268000000.0;59987905; 94540100000.0;64194000; 1396230;69076000000;37166000000;25678000;-1; 3.955
United Kingdom ;2005; 2511165000000.0;60401206; 91688700000.0;66494000; 1377020;74413000000;39647000000;28039000;-1; 3.651
United Kingdom ;2006; 2682213000000.0;60846820; 91332600000.0;69536000; 1494890;79389000000;44287000000;30654000;-1; 3.405
United Kingdom ;2007; 3064351000000.0;61322463; 91483800000.0;69450000; 1536880;89468000000;48566000000;30870000;-1; 2.985
United Kingdom ;2008; 2898941000000.0;61806995; 87439700000.0;69011000; 1507620;88448000000;46323000000;30142000;-1; 3.016
United Kingdom ;2009; 2377160000000.0;62276270; 83612100000.0;58614000; 1415630;66038000000;37325000000;28199000;-1; 3.517
United Kingdom ;2010; 2431169000000.0;62766365; 82389500000.0;55562000; 1358350;66658000000;40216000000;28295000;-1; 3.389
United Kingdom ;2011; 2611108000000.0;63258918; 89464100000.0;56836000; 1450360;70300000000;44864000000;29306000;-1; 3.426
United Kingdom ;2012; 2655458000000.0;63700300; 93165500000.0;56538000; 1604240;71417000000;47052000000;29282000;48.1; 3.508
United Kingdom ;2013; 2721489000000.0;64128226; 97512700000.0;57792000; 1715250;73339000000;53522000000;31063000;50; 3.583
United Kingdom ;2014; 3002394000000.0;64613160; 101245000000.0;60082000; 1761510;79935000000;62830000000;32613000;-1; 3.372
United Kingdom ;2015; 2858482000000.0;65138232; 103740000000.0;-1; 1791220;-1;-1;-1;-1; 3.629
United Kingdom ;2016; 2649893000000.0;-1; 107679000000.0;-1; 1831990;-1;-1;-1;-1; 4.064
